Case ID,voxel_mm,binWidth,status,error,roi_voxels,original_shape_VoxelVolume,original_firstorder_Entropy,original_glcm_Contrast,original_glcm_JointEntropy,original_glrlm_RunEntropy,original_glszm_ZoneEntropy,original_gldm_DependenceEntropy,original_ngtdm_Coarseness
AMC-007,1,25,ok,,315,315.0,3.693186282399861,16.65597702999716,6.823913872089127,4.0681697851641925,5.238042462956293,5.785091052068644,0.020406366334923105
AMC-007,1,50,ok,,315,315.0,2.736632088072338,4.347094429109374,5.227740846541019,3.40235781281115,4.240965071408969,5.464921925076139,0.02006654988300312
AMC-007,1,75,ok,,315,315.0,2.1529152827062483,1.9515955343325406,4.170998258301661,3.071170288512753,3.6222844210536493,5.219814454420294,0.02017111583452498
AMC-007,1,100,ok,,315,315.0,1.7972939251982385,1.15310606621357,3.4518061606477652,2.9761976519378694,3.339877574570942,5.208535958301646,0.02163140429861958
AMC-007,2,25,ok,,47,376.0,3.5564313410768875,24.41190075943035,5.176056116668009,3.6761819150638044,4.106377316818021,4.367898691873005,0.09554489519833943
AMC-007,2,50,ok,,47,376.0,2.7259164943459036,6.15948438897785,4.584697081855196,3.011936286912066,3.69011651759366,4.263715777995564,0.11669447768040034
AMC-007,2,75,ok,,47,376.0,2.195828428266802,3.061474343644995,3.9546911305452,2.6952466182322796,3.2516291673878195,4.110454745700456,0.1120050455491956
AMC-007,2,100,ok,,47,376.0,1.9520094660166156,1.7991147682397153,3.5236906151032907,2.5131994054740616,2.947702779220087,4.080456670504349,0.12380266089686688
AMC-007,3,25,ok,,12,324.0,2.918295834054487,32.33888888888888,2.561821091360804,2.917935937315176,2.9139770731827497,2.918295834054487,0.17827035312149972
AMC-007,3,50,ok,,12,324.0,2.459147917027243,8.231944444444444,2.4659877580274707,2.493212056656744,2.92192809488736,2.918295834054487,0.2581482303529051
AMC-007,3,75,ok,,12,324.0,2.2295739585136207,4.2250000000000005,2.3812655358052486,2.3004608376048132,2.5849625007211543,2.9182958340544864,0.3522751100859719
AMC-007,3,100,ok,,12,324.0,1.9999999999999987,2.461111111111111,2.3479322024719154,2.0813220590236288,2.5849625007211543,2.9182958340544864,0.35131744040150564
AMC-007,5,25,ok,,4,500.0,1.9999999999999987,39.333333333333336,0.9999999999999992,1.9999999999999984,1.9999999999999987,1.9999999999999987,0.21428571428571427
AMC-007,5,50,ok,,4,500.0,1.9999999999999987,9.833333333333334,0.9999999999999992,1.9999999999999984,1.9999999999999987,1.9999999999999987,0.42857142857142855
AMC-007,5,75,ok,,4,500.0,1.4999999999999991,4.5,0.8333333333333327,1.5141604167868585,1.5849625007211552,1.4999999999999991,0.4
AMC-007,5,100,ok,,4,500.0,1.9999999999999987,3.3333333333333335,0.9999999999999992,1.9999999999999984,1.9999999999999987,1.9999999999999987,0.75
AMC-032,1,25,ok,,273,273.0,4.542215590551956,58.46525349050906,7.376465936993745,4.771472208239527,5.587113803629927,6.051117126192548,0.022996708014464178
AMC-032,1,50,ok,,273,273.0,3.590699426410298,14.77985765418441,6.186644890634648,4.020181247298833,4.91551173269912,5.83857070753545,0.023990147366804146
AMC-032,1,75,ok,,273,273.0,3.015992319542319,6.599982140176133,5.280966850138866,3.6342082396545217,4.689794836824824,5.62859959776137,0.024129359891682273
AMC-032,1,100,ok,,273,273.0,2.6548358712949014,3.8753447171136153,4.647156777000142,3.393025884334887,4.556172232120839,5.480867185062948,0.023777260779218202
AMC-032,2,25,ok,,44,352.0,4.23274597202281,111.19357320030397,4.965862992775111,4.289109335050983,4.597276316262582,4.578638720860846,0.06546614186916093
AMC-032,2,50,ok,,44,352.0,3.467939507150013,28.520875602505157,4.711250256581532,3.661933151188989,4.056020968057877,4.317052925307962,0.07679249634882113
AMC-032,2,75,ok,,44,352.0,3.1149199028174874,11.933449761739237,4.500009478593809,3.319459301468473,3.8796640049025894,4.23728531157326,0.10195474109041776
AMC-032,2,100,ok,,44,352.0,2.6551150538423296,7.501054643362332,4.1287160479905145,3.0053733848127178,3.5944656369614476,4.325924732707126,0.0926502510849478
AMC-032,3,25,ok,,9,243.0,2.5032583347756434,33.4375,1.652913541726762,2.502443751081732,2.5849625007211543,2.503258334775644,0.1620926243567753
AMC-032,3,50,ok,,9,243.0,2.0588138903311997,9.097222222222223,1.437635763948984,2.2745057876379984,2.321928094887361,2.0588138903311997,0.271356783919598
AMC-032,3,75,ok,,9,243.0,1.6577427265048876,3.965277777777778,1.2501357639489843,2.028868829686881,1.9999999999999987,2.1971597234241473,0.4137931034482759
AMC-032,3,100,ok,,9,243.0,1.6577427265048876,2.7013888888888893,1.2501357639489843,2.028868829686881,1.9999999999999987,2.1971597234241473,0.47338760175328753
AMC-032,5,25,error,mask only contains 1 segmented voxel! Cannot extract features for a single voxel.,,,,,,,,,
AMC-032,5,50,error,mask only contains 1 segmented voxel! Cannot extract features for a single voxel.,,,,,,,,,
AMC-032,5,75,error,mask only contains 1 segmented voxel! Cannot extract features for a single voxel.,,,,,,,,,
AMC-032,5,100,error,mask only contains 1 segmented voxel! Cannot extract features for a single voxel.,,,,,,,,,
AMC-035,1,25,ok,,441,441.0,3.6647886944131627,26.586151112188176,6.129223078486733,4.389776443468639,5.282810914226542,6.150450705105042,0.012832771888546868
AMC-035,1,50,ok,,441,441.0,2.7963387496837453,6.7595520721672955,4.674670839054633,3.960000016927296,4.77168329834121,5.87567129994324,0.01367117951419094
AMC-035,1,75,ok,,441,441.0,2.280925916697109,3.2230835193190517,3.825223327283988,3.672873537694903,4.346660931700882,5.614369836810999,0.012690835665035925
AMC-035,1,100,ok,,441,441.0,1.987146371914037,1.836265624675273,3.3540803192916377,3.5009092917149855,4.252746361698781,5.511000510409501,0.01255073413067979
AMC-035,2,25,ok,,58,464.0,3.763154169500539,61.82153917786858,5.1677100466946495,4.111023892058009,4.403856189774718,5.025831641567381,0.07033750929083589
AMC-035,2,50,ok,,58,464.0,3.1554766974131336,15.53825804127982,4.662169585507256,3.670467354415995,3.9705730958116803,4.8833374604209965,0.09398516240928864
AMC-035,2,75,ok,,58,464.0,2.499356196161634,7.033208525694915,3.845335902589178,3.2570743956523094,3.572469458770131,4.558255512623181,0.07647551109797548
AMC-035,2,100,ok,,58,464.0,2.278548333523921,4.244614628666352,3.702892891479962,3.044126924818852,2.7516291673878204,4.372826417758295,0.08813372384440088
AMC-035,3,25,ok,,15,405.0,2.8662478973127286,111.03113553113553,3.046568699992017,3.0702926768550274,3.12192809488736,2.866247897312728,0.09848024794562267
AMC-035,3,50,ok,,15,405.0,2.6825887305018306,26.924725274725272,2.9811840846074014,2.901662182840738,2.9999999999999973,2.866247897312728,0.18518889033846667
AMC-035,3,75,ok,,15,405.0,2.6825887305018306,12.610073260073259,2.9811840846074014,2.901662182840738,2.9999999999999973,2.866247897312728,0.24543651274736059
AMC-035,3,100,ok,,15,405.0,2.2062389286533874,6.575366300366301,2.6590392951968287,2.5283784490174233,2.5849625007211543,2.9735572622751825,0.2670024111423197
AMC-035,5,25,error,"mask has too few dimensions (number of dimensions 1, minimum required 2)",,,,,,,,,
AMC-035,5,50,error,"mask has too few dimensions (number of dimensions 1, minimum required 2)",,,,,,,,,
AMC-035,5,75,error,"mask has too few dimensions (number of dimensions 1, minimum required 2)",,,,,,,,,
AMC-035,5,100,error,"mask has too few dimensions (number of dimensions 1, minimum required 2)",,,,,,,,,
AMC-041,1,25,ok,,487,487.0,5.1486177775919995,114.65917604048046,8.636540403573191,5.34229203724655,6.337710488288643,6.655013921462596,0.013359939096272637
AMC-041,1,50,ok,,487,487.0,4.197605517405471,28.842266867259266,7.595781480435161,4.548333032639481,5.926362581458079,6.303554274381403,0.013682550668353737
AMC-041,1,75,ok,,487,487.0,3.6259344277656576,12.803334506219395,6.7250130343015435,4.105185754359344,5.5714121487909924,6.080308061817663,0.013820966837487491
AMC-041,1,100,ok,,487,487.0,3.240089199124462,7.386181466921386,6.078399059728813,3.8397557376558664,5.321498478135109,5.94261294766792,0.013913212870113266
AMC-041,2,25,ok,,58,464.0,4.522050935552321,170.58819117072883,5.7564605818184935,4.550281322339801,4.800948558790152,4.929113702352954,0.04840983819938252
AMC-041,2,50,ok,,58,464.0,3.8915135391221995,43.5776517159976,5.5790722133778825,3.972615981887702,4.238666566058876,4.618768874766749,0.06828981905835639
AMC-041,2,75,ok,,58,464.0,3.4210960819645413,18.58399325580945,5.338537162605108,3.583052697499502,4.176108500731234,4.5157659704385225,0.07300431266808217
AMC-041,2,100,ok,,58,464.0,3.095587024881208,10.62529235929123,5.014239768175195,3.3685015986566054,3.9092750707107076,4.480561763887378,0.08199538993226048
AMC-041,3,25,ok,,14,378.0,3.3248629576173534,168.88049450549448,2.7366366059209546,3.3419191581310135,3.5465935642949344,3.521640636343314,0.11850831234672296
AMC-041,3,50,ok,,14,378.0,3.3248629576173534,41.06904761904762,2.7366366059209546,3.3419191581310135,3.5465935642949344,3.521640636343314,0.2467162667571954
AMC-041,3,75,ok,,14,378.0,3.039148671903068,20.420787545787544,2.7146585839429327,3.0545142553414952,3.2389012566026274,3.2359263506290294,0.25291113700526313
AMC-041,3,100,ok,,14,378.0,2.61057724333164,9.751556776556775,2.4685240085600126,2.7204896369982943,2.7254805569978653,3.2359263506290294,0.3113694623966494
AMC-041,5,25,ok,,5,625.0,1.9219280948873612,181.125,1.1874999999999991,1.931687083026441,1.9999999999999987,1.9219280948873614,0.08695652173913043
AMC-041,5,50,ok,,5,625.0,1.9219280948873612,49.375,1.1874999999999991,1.931687083026441,1.9999999999999987,1.9219280948873614,0.1639344262295082
AMC-041,5,75,ok,,5,625.0,1.9219280948873612,20.875,1.1874999999999991,1.931687083026441,1.9999999999999987,1.9219280948873614,0.2564102564102564
AMC-041,5,100,ok,,5,625.0,1.9219280948873612,14.625,1.1874999999999991,1.931687083026441,1.9999999999999987,1.9219280948873614,0.2941176470588235
R01-091,1,25,ok,,307,307.0,3.801170338652618,25.60999409966888,6.468117343243839,4.293220609305674,5.094418463230731,5.847940063656339,0.017187242030267467
R01-091,1,50,ok,,307,307.0,2.8659843815783375,6.601927762994862,4.978032848874422,3.6826964478028925,4.52493276614632,5.588794673007511,0.01841495684744748
R01-091,1,75,ok,,307,307.0,2.2917099785798203,2.908326490542671,3.932526167345849,3.349216882146955,4.121678915623945,5.304241354376154,0.01735987059107751
R01-091,1,100,ok,,307,307.0,1.951487139946127,1.6993418058248595,3.366962106073927,3.08631816394746,3.49738148913751,5.151938696580077,0.017461586477796467
R01-091,2,25,ok,,39,312.0,3.6475995783256483,52.50943012768629,4.815101319273525,3.747201177541288,4.161978179679547,4.240405103422153,0.08620287974922573
R01-091,2,50,ok,,39,312.0,3.0144169616753587,13.847611951919399,4.390427169535635,3.2844421135065605,3.8219280948873573,4.22104901362309,0.1092672638458355
R01-091,2,75,ok,,39,312.0,2.351450253545967,5.624211849531543,3.6806146333452476,2.8026364836543824,3.5465935642949344,4.282340283509325,0.09667361313614904
R01-091,2,100,ok,,39,312.0,2.087733622196555,3.5825864044870643,3.3551879657031214,2.608153180706883,3.12192809488736,4.0772120783811205,0.11578648415893805
R01-091,3,25,ok,,12,324.0,2.8553885422075314,34.21380952380952,2.832627587697242,2.930123840034194,2.947702779220087,2.8553885422075314,0.14179626505977877
R01-091,3,50,ok,,12,324.0,2.688721875540865,7.846428571428571,2.7659609210305756,2.7578886391743525,2.749999999999998,2.688721875540865,0.2812711657313228
R01-091,3,75,ok,,12,324.0,2.1887218755408653,3.815238095238095,2.5338180638877192,2.4015962400735105,2.2516291673878213,2.5220552088741983,0.2907318727401287
R01-091,3,100,ok,,12,324.0,1.8553885422075325,2.0214285714285714,2.582865682935338,2.0977796498034467,1.7924812503605767,2.5220552088741988,0.32878727076122005
R01-091,5,25,ok,,4,500.0,1.4999999999999991,18.5,1.2499999999999991,1.5212406251802881,1.5849625007211552,1.4999999999999991,0.3750000000000001
R01-091,5,50,ok,,4,500.0,1.4999999999999991,6.0,1.2499999999999991,1.5212406251802881,1.5849625007211552,1.4999999999999991,0.75
R01-091,5,75,ok,,4,500.0,1.4999999999999991,1.5,1.2499999999999991,1.5212406251802881,1.5849625007211552,1.4999999999999991,1.4999999999999998
R01-091,5,100,ok,,4,500.0,1.4999999999999991,1.5,1.2499999999999991,1.5212406251802881,1.5849625007211552,1.4999999999999991,1.4999999999999998
