voxel_mm,binWidth,cases_ok,cases_error,median_roi_voxels,median_original_glcm_Contrast,median_original_glcm_JointEntropy,median_original_glrlm_RunEntropy,median_original_glszm_ZoneEntropy,median_original_gldm_DependenceEntropy,median_original_ngtdm_Coarseness
1,25,5,0,315.0,26.586151112188176,6.823913872089127,4.389776443468639,5.282810914226542,6.051117126192548,0.017187242030267467
1,50,5,0,315.0,6.7595520721672955,5.227740846541019,3.960000016927296,4.77168329834121,5.83857070753545,0.01841495684744748
1,75,5,0,315.0,3.2230835193190517,4.170998258301661,3.6342082396545217,4.346660931700882,5.614369836810999,0.01735987059107751
1,100,5,0,315.0,1.836265624675273,3.4518061606477652,3.393025884334887,4.252746361698781,5.480867185062948,0.017461586477796467
2,25,5,0,47.0,61.82153917786858,5.1677100466946495,4.111023892058009,4.403856189774718,4.578638720860846,0.07033750929083589
2,50,5,0,47.0,15.53825804127982,4.662169585507256,3.661933151188989,3.9705730958116803,4.317052925307962,0.09398516240928864
2,75,5,0,47.0,7.033208525694915,3.9546911305452,3.2570743956523094,3.572469458770131,4.282340283509325,0.09667361313614904
2,100,5,0,47.0,4.244614628666352,3.702892891479962,3.0053733848127178,3.12192809488736,4.325924732707126,0.0926502510849478
3,25,5,0,12.0,34.21380952380952,2.7366366059209546,2.930123840034194,2.947702779220087,2.866247897312728,0.14179626505977877
3,50,5,0,12.0,9.097222222222223,2.7366366059209546,2.7578886391743525,2.92192809488736,2.866247897312728,0.2581482303529051
3,75,5,0,12.0,4.2250000000000005,2.5338180638877192,2.4015962400735105,2.5849625007211543,2.866247897312728,0.2907318727401287
3,100,5,0,12.0,2.7013888888888893,2.4685240085600126,2.0977796498034467,2.5849625007211543,2.9182958340544864,0.32878727076122005
5,25,3,2,4.0,39.333333333333336,1.1874999999999991,1.931687083026441,1.9999999999999987,1.9219280948873614,0.21428571428571427
5,50,3,2,4.0,9.833333333333334,1.1874999999999991,1.931687083026441,1.9999999999999987,1.9219280948873614,0.42857142857142855
5,75,3,2,4.0,4.5,1.1874999999999991,1.5212406251802881,1.5849625007211552,1.4999999999999991,0.4
5,100,3,2,4.0,3.3333333333333335,1.1874999999999991,1.931687083026441,1.9999999999999987,1.9219280948873614,0.75
