Case ID,normalization,binWidth,original_shape_VoxelVolume,original_glcm_JointEnergy,original_glcm_JointEntropy
AMC-007,none,75,325.2931251525879,0.06929951934283236,4.3484816741775
AMC-007,zscore,75,325.2931251525879,0.27326579609406615,1.9318802835718478
AMC-007,minmax,0.05,325.2931251525879,0.4520021501751985,1.8286436045889003
AMC-032,none,75,301.36433075698494,0.019739888192559077,6.2011710911130296
AMC-032,zscore,75,301.36433075698494,1.0,-3.2034265038149176e-16
AMC-032,minmax,0.05,301.36433075698494,0.18115384246271843,2.8552257593443597
AMC-035,none,75,444.94273376464844,0.13950253091178655,3.85949493707151
AMC-041,none,75,481.866943359375,0.00990065192357818,7.22283638443254
R01-091,none,75,317.7894592285156,0.10315718231290251,4.1827820839441054
