Case ID,normalization,original_firstorder_Mean,original_firstorder_Median,original_firstorder_Minimum,original_firstorder_Maximum,original_firstorder_Variance
AMC-007,none,-511.1287386215865,-525.0,-689.0,-137.0,8011.422958226871
AMC-007,zscore,0.013320823973435206,-0.01616761479726496,-0.36480958948608294,0.8086682765396948,0.036206063604337146
AMC-007,minmax,0.12524329051278502,0.12185592204332352,0.08180708438158035,0.21660561859607697,0.00047775134081326324
AMC-032,none,-23.31446540880503,0.0,-920.0,484.0,42427.03737985049
AMC-032,zscore,0.922636929499753,0.9435497183545747,0.11832102839414177,1.3776917682902807,0.034136240415206756
AMC-032,minmax,0.4922358942856579,0.4960617125034332,0.3450935482978821,0.5754840970039368,0.001142451623694974
AMC-035,none,19.885038038884193,15.0,-228.0,688.0,12994.776301921629
AMC-035,zscore,1.2989034548014813,1.2887919649194572,0.7858087697480427,2.681827727678148,0.05567538274660796
AMC-035,minmax,0.25491698993179424,0.253724068403244,0.1943833976984024,0.41807082295417786,0.0007749274977678994
AMC-041,none,-336.24305555555554,-391.0,-1020.0,572.0,79897.49151923499
AMC-041,zscore,0.3286943338544256,0.21418759105153945,-1.101165958233713,2.2279959661893742,0.3493951365328328
AMC-041,minmax,0.16795041842770944,0.15457876026630402,0.0009768010349944234,0.3897435963153839,0.004764588049372748
R01-091,none,-34.050769230769234,1.0,-316.0,147.0,10675.952807100593
R01-091,zscore,1.2011615359016279,1.276060123182446,0.598675498277361,1.5880416854415702,0.04874822317704931
R01-091,minmax,0.241745851956881,0.25030526518821716,0.17289377748966217,0.28595849871635437,0.0006366474257783899
