feature,value
square_firstorder_10Percentile,6.663042731327613e-05
square_firstorder_90Percentile,0.010006656744088533
square_firstorder_Energy,0.06929013647024972
square_firstorder_Entropy,-3.203426503814917e-16
square_firstorder_InterquartileRange,0.004823231820433758
square_firstorder_Kurtosis,28.711160032512275
square_firstorder_Maximum,0.08572446203202995
square_firstorder_MeanAbsoluteDeviation,0.004644516933138702
square_firstorder_Mean,0.004769452471280434
square_firstorder_Median,0.0022330523753637584
square_firstorder_Minimum,9.234418991754084e-08
square_firstorder_Range,0.08572436968784003
square_firstorder_RobustMeanAbsoluteDeviation,0.0021206901147589165
square_firstorder_RootMeanSquared,0.009492323670942052
square_firstorder_Skewness,4.324091290087204
square_firstorder_TotalEnergy,0.02931027962894257
square_firstorder_Uniformity,1.0
square_firstorder_Variance,6.735653179812379e-05
square_glcm_Autocorrelation,1.0
square_glcm_ClusterProminence,0.0
square_glcm_ClusterShade,0.0
square_glcm_ClusterTendency,0.0
square_glcm_Contrast,0.0
square_glcm_Correlation,1.0
square_glcm_DifferenceAverage,0.0
square_glcm_DifferenceEntropy,-3.2034265038149176e-16
square_glcm_DifferenceVariance,0.0
square_glcm_Id,1.0
square_glcm_Idm,1.0
square_glcm_Idmn,1.0
square_glcm_Idn,1.0
square_glcm_Imc1,0.0
square_glcm_Imc2,0.0
square_glcm_InverseVariance,0.0
square_glcm_JointAverage,1.0
square_glcm_JointEnergy,1.0
square_glcm_JointEntropy,-3.2034265038149176e-16
square_glcm_MCC,1
square_glcm_MaximumProbability,1.0
square_glcm_SumAverage,2.0
square_glcm_SumEntropy,-3.2034265038149176e-16
square_glcm_SumSquares,0.0
square_gldm_DependenceEntropy,4.003686076907596
square_gldm_DependenceNonUniformity,61.6371911573472
square_gldm_DependenceNonUniformityNormalized,0.08015239422281821
square_gldm_DependenceVariance,29.95730864903164
square_gldm_GrayLevelNonUniformity,769.0
square_gldm_GrayLevelVariance,0.0
square_gldm_HighGrayLevelEmphasis,1.0
square_gldm_LargeDependenceEmphasis,453.54616384915477
square_gldm_LargeDependenceHighGrayLevelEmphasis,453.54616384915477
square_gldm_LargeDependenceLowGrayLevelEmphasis,453.54616384915477
square_gldm_LowGrayLevelEmphasis,1.0
square_gldm_SmallDependenceEmphasis,0.003181448596380835
square_gldm_SmallDependenceHighGrayLevelEmphasis,0.003181448596380835
square_gldm_SmallDependenceLowGrayLevelEmphasis,0.003181448596380835
square_glrlm_GrayLevelNonUniformity,189.84615384615384
square_glrlm_GrayLevelNonUniformityNormalized,1.0
square_glrlm_GrayLevelVariance,0.0
square_glrlm_HighGrayLevelRunEmphasis,1.0
square_glrlm_LongRunEmphasis,25.001792160734208
square_glrlm_LongRunHighGrayLevelEmphasis,25.001792160734208
square_glrlm_LongRunLowGrayLevelEmphasis,25.001792160734208
square_glrlm_LowGrayLevelRunEmphasis,1.0
square_glrlm_RunEntropy,2.958313652143991
square_glrlm_RunLengthNonUniformity,28.143668372056897
square_glrlm_RunLengthNonUniformityNormalized,0.14125552606720893
square_glrlm_RunPercentage,0.24687406221866562
square_glrlm_RunVariance,6.056796388044384
square_glrlm_ShortRunEmphasis,0.2309093796692107
square_glrlm_ShortRunHighGrayLevelEmphasis,0.2309093796692107
square_glrlm_ShortRunLowGrayLevelEmphasis,0.2309093796692107
square_glszm_GrayLevelNonUniformity,1.0
square_glszm_GrayLevelNonUniformityNormalized,1.0
square_glszm_GrayLevelVariance,0.0
square_glszm_HighGrayLevelZoneEmphasis,1.0
square_glszm_LargeAreaEmphasis,591361.0
square_glszm_LargeAreaHighGrayLevelEmphasis,591361.0
square_glszm_LargeAreaLowGrayLevelEmphasis,591361.0
square_glszm_LowGrayLevelZoneEmphasis,1.0
square_glszm_SizeZoneNonUniformity,1.0
square_glszm_SizeZoneNonUniformityNormalized,1.0
square_glszm_SmallAreaEmphasis,1.6910144564825885e-06
square_glszm_SmallAreaHighGrayLevelEmphasis,1.6910144564825885e-06
square_glszm_SmallAreaLowGrayLevelEmphasis,1.6910144564825885e-06
square_glszm_ZoneEntropy,-3.203426503814917e-16
square_glszm_ZonePercentage,0.0013003901170351106
square_glszm_ZoneVariance,0.0
square_ngtdm_Busyness,0.0
square_ngtdm_Coarseness,1000000.0
square_ngtdm_Complexity,0.0
square_ngtdm_Contrast,0.0
square_ngtdm_Strength,0.0
gradient_firstorder_10Percentile,0.15517321228981018
gradient_firstorder_90Percentile,0.5951909065246583
gradient_firstorder_Energy,125.46285178650366
gradient_firstorder_Entropy,-3.203426503814917e-16
gradient_firstorder_InterquartileRange,0.21489930152893066
gradient_firstorder_Kurtosis,6.971753106491761
gradient_firstorder_Maximum,1.351345419883728
gradient_firstorder_MeanAbsoluteDeviation,0.1492663239540768
gradient_firstorder_Mean,0.3470276275308141
gradient_firstorder_Median,0.3001701831817627
gradient_firstorder_Minimum,0.017125636339187622
gradient_firstorder_Range,1.3342197835445404
gradient_firstorder_RobustMeanAbsoluteDeviation,0.09091529553829618
gradient_firstorder_RootMeanSquared,0.40391911630697824
gradient_firstorder_Skewness,1.725732960432861
gradient_firstorder_TotalEnergy,53.071785628332535
gradient_firstorder_Uniformity,1.0
gradient_firstorder_Variance,0.04272247824854474
gradient_glcm_Autocorrelation,1.0
gradient_glcm_ClusterProminence,0.0
gradient_glcm_ClusterShade,0.0
gradient_glcm_ClusterTendency,0.0
gradient_glcm_Contrast,0.0
gradient_glcm_Correlation,1.0
gradient_glcm_DifferenceAverage,0.0
gradient_glcm_DifferenceEntropy,-3.2034265038149176e-16
gradient_glcm_DifferenceVariance,0.0
gradient_glcm_Id,1.0
gradient_glcm_Idm,1.0
gradient_glcm_Idmn,1.0
gradient_glcm_Idn,1.0
gradient_glcm_Imc1,0.0
gradient_glcm_Imc2,0.0
gradient_glcm_InverseVariance,0.0
gradient_glcm_JointAverage,1.0
gradient_glcm_JointEnergy,1.0
gradient_glcm_JointEntropy,-3.2034265038149176e-16
gradient_glcm_MCC,1
gradient_glcm_MaximumProbability,1.0
gradient_glcm_SumAverage,2.0
gradient_glcm_SumEntropy,-3.2034265038149176e-16
gradient_glcm_SumSquares,0.0
gradient_gldm_DependenceEntropy,4.003686076907596
gradient_gldm_DependenceNonUniformity,61.6371911573472
gradient_gldm_DependenceNonUniformityNormalized,0.08015239422281821
gradient_gldm_DependenceVariance,29.95730864903164
gradient_gldm_GrayLevelNonUniformity,769.0
gradient_gldm_GrayLevelVariance,0.0
gradient_gldm_HighGrayLevelEmphasis,1.0
gradient_gldm_LargeDependenceEmphasis,453.54616384915477
gradient_gldm_LargeDependenceHighGrayLevelEmphasis,453.54616384915477
gradient_gldm_LargeDependenceLowGrayLevelEmphasis,453.54616384915477
gradient_gldm_LowGrayLevelEmphasis,1.0
gradient_gldm_SmallDependenceEmphasis,0.003181448596380835
gradient_gldm_SmallDependenceHighGrayLevelEmphasis,0.003181448596380835
gradient_gldm_SmallDependenceLowGrayLevelEmphasis,0.003181448596380835
gradient_glrlm_GrayLevelNonUniformity,189.84615384615384
gradient_glrlm_GrayLevelNonUniformityNormalized,1.0
gradient_glrlm_GrayLevelVariance,0.0
gradient_glrlm_HighGrayLevelRunEmphasis,1.0
gradient_glrlm_LongRunEmphasis,25.001792160734208
gradient_glrlm_LongRunHighGrayLevelEmphasis,25.001792160734208
gradient_glrlm_LongRunLowGrayLevelEmphasis,25.001792160734208
gradient_glrlm_LowGrayLevelRunEmphasis,1.0
gradient_glrlm_RunEntropy,2.958313652143991
gradient_glrlm_RunLengthNonUniformity,28.143668372056897
gradient_glrlm_RunLengthNonUniformityNormalized,0.14125552606720893
gradient_glrlm_RunPercentage,0.24687406221866562
gradient_glrlm_RunVariance,6.056796388044384
gradient_glrlm_ShortRunEmphasis,0.2309093796692107
gradient_glrlm_ShortRunHighGrayLevelEmphasis,0.2309093796692107
gradient_glrlm_ShortRunLowGrayLevelEmphasis,0.2309093796692107
gradient_glszm_GrayLevelNonUniformity,1.0
gradient_glszm_GrayLevelNonUniformityNormalized,1.0
gradient_glszm_GrayLevelVariance,0.0
gradient_glszm_HighGrayLevelZoneEmphasis,1.0
gradient_glszm_LargeAreaEmphasis,591361.0
gradient_glszm_LargeAreaHighGrayLevelEmphasis,591361.0
gradient_glszm_LargeAreaLowGrayLevelEmphasis,591361.0
gradient_glszm_LowGrayLevelZoneEmphasis,1.0
gradient_glszm_SizeZoneNonUniformity,1.0
gradient_glszm_SizeZoneNonUniformityNormalized,1.0
gradient_glszm_SmallAreaEmphasis,1.6910144564825885e-06
gradient_glszm_SmallAreaHighGrayLevelEmphasis,1.6910144564825885e-06
gradient_glszm_SmallAreaLowGrayLevelEmphasis,1.6910144564825885e-06
gradient_glszm_ZoneEntropy,-3.203426503814917e-16
gradient_glszm_ZonePercentage,0.0013003901170351106
gradient_glszm_ZoneVariance,0.0
gradient_ngtdm_Busyness,0.0
gradient_ngtdm_Coarseness,1000000.0
gradient_ngtdm_Complexity,0.0
gradient_ngtdm_Contrast,0.0
gradient_ngtdm_Strength,0.0
